{"s1kEXj7bxw9SXh3MtevR0w==":"100-313-1076x803.jpg","MQcCGVUWE408oeyUCEKJZQ==":"100-311-1076x803.jpg","HJ1ovGH7l5IDPavjAgzk1Q==":"61258600a0d0899b60101fa3532a8baa-570x300.png","9rAinuD6i64/493JBTp9iA==":"b5f0a3fb68584875ec40b28d1b10d2fe-695x569.jpg","MMNv5aF2rRcTCZuWaY6ZRA==":"png-transparent-architectural-engineering-civil-engineering-general-contractor-construction-management-construction-building-company-engineering-thumbnail-360x240.png","Qx9GOiqpvU9U6xPIkhqWEw==":"download-380x133.png","5phOFi6IT2WM3e/4E1H35w==":"download-1-380x133.png","jhhZc9qclMjFZ0ewEJg7qQ==":"images-225x225.png","13NWPe/N0uJbvhFshG438Q==":"companies-640x426.jpg","QADKKavrBXg75Mw4fCAmOg==":"download%20(1)-318x159.png","gzqKeaCEqNnIFO676B4SIg==":"download%20(2)-275x183.png","fWEWM6mc7eXJ/G2HMYgDSg==":"download%20(2)-275x183.png","UenwLmkS0W/8w+VqXc1CqQ==":"100-313-1076x803.jpeg","dPHf0eUGf1zwZuwS7Tz6nA==":"100-311-1076x803.jpeg","vf0cAQmpGefYmhkSQa8EUw==":"images-297x170.png"}